0.6283309459686279,0,200,500
0.5231199264526367,1,200,500
0.5180931091308594,2,200,500
0.5174820423126221,3,200,500
0.5074648857116699,4,200,500
0.5015230178833008,5,200,500
0.4951801300048828,6,200,500
0.5126368999481201,7,200,500
0.5074460506439209,8,200,500
0.5135331153869629,9,200,500
0.5424649715423584,10,200,500
0.5477390289306641,11,200,500
0.539452075958252,12,200,500
0.5328738689422607,13,200,500
0.5265040397644043,14,200,500
0.5093441009521484,15,200,500
0.5258529186248779,16,200,500
0.5376260280609131,17,200,500
0.5074591636657715,18,200,500
0.5303559303283691,19,200,500
0.520017147064209,20,200,500
0.5339500904083252,21,200,500
0.516834020614624,22,200,500
0.511693000793457,23,200,500
0.5349721908569336,24,200,500
0.5224738121032715,25,200,500
0.520301103591919,26,200,500
0.5587038993835449,27,200,500
0.516420841217041,28,200,500
0.5176301002502441,29,200,500
0.5273370742797852,30,200,500
0.5147969722747803,31,200,500
0.5170791149139404,32,200,500
0.5418970584869385,33,200,500
0.5181140899658203,34,200,500
0.5376100540161133,35,200,500
0.5293819904327393,36,200,500
0.5420749187469482,37,200,500
0.501227855682373,38,200,500
0.5233910083770752,39,200,500
0.5043210983276367,40,200,500
0.5255539417266846,41,200,500
0.5141360759735107,42,200,500
0.5526700019836426,43,200,500
0.5315830707550049,44,200,500
0.528825044631958,45,200,500
0.5145421028137207,46,200,500
0.5469789505004883,47,200,500
0.6971290111541748,48,200,500
0.7190120220184326,49,200,500
0.587738037109375,50,200,500
0.5200440883636475,51,200,500
0.5244491100311279,52,200,500
0.5392680168151855,53,200,500
0.5047399997711182,54,200,500
0.5123579502105713,55,200,500
0.49400806427001953,56,200,500
0.49399685859680176,57,200,500
0.5058600902557373,58,200,500
0.5053250789642334,59,200,500
0.4933950901031494,60,200,500
0.49863100051879883,61,200,500
0.49518895149230957,62,200,500
0.5052909851074219,63,200,500
0.5063431262969971,64,200,500
0.49717283248901367,65,200,500
0.5010972023010254,66,200,500
0.5156068801879883,67,200,500
0.5103709697723389,68,200,500
0.5031337738037109,69,200,500
0.5091791152954102,70,200,500
0.49004507064819336,71,200,500
0.49603700637817383,72,200,500
0.5005481243133545,73,200,500
0.521791934967041,74,200,500
0.53324294090271,75,200,500
0.5187509059906006,76,200,500
0.5191841125488281,77,200,500
0.5266051292419434,78,200,500
0.4998929500579834,79,200,500
0.510991096496582,80,200,500
0.5079460144042969,81,200,500
0.49942803382873535,82,200,500
0.49234509468078613,83,200,500
0.5026328563690186,84,200,500
0.5143020153045654,85,200,500
0.5061829090118408,86,200,500
0.5116028785705566,87,200,500
0.5129749774932861,88,200,500
0.48903512954711914,89,200,500
0.49557995796203613,90,200,500
0.5084471702575684,91,200,500
0.513267993927002,92,200,500
0.5161640644073486,93,200,500
0.5027568340301514,94,200,500
0.5262589454650879,95,200,500
0.5099921226501465,96,200,500
0.4964580535888672,97,200,500
0.49558401107788086,98,200,500
0.49913692474365234,99,200,500
0.4996471405029297,100,200,500
0.47942304611206055,101,200,500
0.5195138454437256,102,200,500
0.5004520416259766,103,200,500
0.49527716636657715,104,200,500
0.4949510097503662,105,200,500
0.5328381061553955,106,200,500
0.5042660236358643,107,200,500
0.5092060565948486,108,200,500
0.5012640953063965,109,200,500
0.5071802139282227,110,200,500
0.5067391395568848,111,200,500
0.49898505210876465,112,200,500
0.49280691146850586,113,200,500
0.5150938034057617,114,200,500
0.49397993087768555,115,200,500
0.5204601287841797,116,200,500
0.4997081756591797,117,200,500
0.5041108131408691,118,200,500
0.5045320987701416,119,200,500
0.5036749839782715,120,200,500
0.5249319076538086,121,200,500
0.4991190433502197,122,200,500
0.5162780284881592,123,200,500
0.5055818557739258,124,200,500
0.4886012077331543,125,200,500
0.5113160610198975,126,200,500
0.4969010353088379,127,200,500
0.5056390762329102,128,200,500
0.4899179935455322,129,200,500
0.5080969333648682,130,200,500
0.5139801502227783,131,200,500
0.501533031463623,132,200,500
0.5176219940185547,133,200,500
0.49442386627197266,134,200,500
0.5267009735107422,135,200,500
0.5331239700317383,136,200,500
0.5021347999572754,137,200,500
0.5416529178619385,138,200,500
0.5262739658355713,139,200,500
0.4973452091217041,140,200,500
0.5022199153900146,141,200,500
0.5079300403594971,142,200,500
0.4867208003997803,143,200,500
0.5038490295410156,144,200,500
0.4959380626678467,145,200,500
0.5515260696411133,146,200,500
0.5033111572265625,147,200,500
0.5129420757293701,148,200,500
0.5247998237609863,149,200,500
0.5080041885375977,150,200,500
0.5544140338897705,151,200,500
0.6243240833282471,152,200,500
0.5161900520324707,153,200,500
0.4985470771789551,154,200,500
0.5235960483551025,155,200,500
0.5415909290313721,156,200,500
0.5230989456176758,157,200,500
0.5185108184814453,158,200,500
0.5001940727233887,159,200,500
0.503868818283081,160,200,500
0.5558509826660156,161,200,500
0.5173780918121338,162,200,500
0.517254114151001,163,200,500
0.585150957107544,164,200,500
0.5334389209747314,165,200,500
0.5450139045715332,166,200,500
0.5521559715270996,167,200,500
0.5288650989532471,168,200,500
0.523245096206665,169,200,500
0.5471351146697998,170,200,500
0.5369019508361816,171,200,500
0.5339529514312744,172,200,500
0.5425419807434082,173,200,500
0.5368270874023438,174,200,500
0.5115859508514404,175,200,500
0.5261530876159668,176,200,500
0.5290629863739014,177,200,500
0.5331552028656006,178,200,500
0.5166831016540527,179,200,500
0.5021488666534424,180,200,500
0.528162956237793,181,200,500
0.5268881320953369,182,200,500
0.5102050304412842,183,200,500
0.5139529705047607,184,200,500
0.49866795539855957,185,200,500
0.4954521656036377,186,200,500
0.5202021598815918,187,200,500
0.5036981105804443,188,200,500
0.5021061897277832,189,200,500
0.5148868560791016,190,200,500
0.4909219741821289,191,200,500
0.5004029273986816,192,200,500
0.5003759860992432,193,200,500
0.49387288093566895,194,200,500
0.5042929649353027,195,200,500
0.501258134841919,196,200,500
0.5092558860778809,197,200,500
0.5056560039520264,198,200,500
0.4985330104827881,199,200,500
0.4975240230560303,200,200,500
0.4933021068572998,201,200,500
0.516855001449585,202,200,500
0.5074570178985596,203,200,500
0.5056109428405762,204,200,500
0.5072219371795654,205,200,500
0.5004851818084717,206,200,500
0.4957752227783203,207,200,500
0.49979710578918457,208,200,500
0.49872899055480957,209,200,500
0.4990119934082031,210,200,500
0.502514123916626,211,200,500
0.5096831321716309,212,200,500
0.5021181106567383,213,200,500
0.49503087997436523,214,200,500
0.48139309883117676,215,200,500
0.48952507972717285,216,200,500
0.5038690567016602,217,200,500
0.503242015838623,218,200,500
0.48845791816711426,219,200,500
0.4948751926422119,220,200,500
0.5177969932556152,221,200,500
0.5125350952148438,222,200,500
0.49163293838500977,223,200,500
0.499478816986084,224,200,500
0.4922521114349365,225,200,500
0.5004801750183105,226,200,500
0.5152130126953125,227,200,500
0.4998769760131836,228,200,500
0.4979729652404785,229,200,500
0.5190432071685791,230,200,500
0.5099880695343018,231,200,500
0.5014810562133789,232,200,500
0.5129199028015137,233,200,500
0.5188639163970947,234,200,500
0.49729013442993164,235,200,500
0.4964580535888672,236,200,500
0.5052359104156494,237,200,500
0.511134147644043,238,200,500
0.489732027053833,239,200,500
0.49068307876586914,240,200,500
0.5154430866241455,241,200,500
0.5060679912567139,242,200,500
0.5159189701080322,243,200,500
0.5243170261383057,244,200,500
0.5229859352111816,245,200,500
0.5354371070861816,246,200,500
0.5132970809936523,247,200,500
0.5220150947570801,248,200,500
0.4861910343170166,249,200,500
0.5483698844909668,250,200,500
0.524420976638794,251,200,500
0.5386359691619873,252,200,500
0.4954979419708252,253,200,500
0.4930300712585449,254,200,500
0.5351171493530273,255,200,500
0.5572881698608398,256,200,500
0.4794168472290039,257,200,500
0.5063760280609131,258,200,500
0.5417251586914062,259,200,500
0.525519847869873,260,200,500
0.5100140571594238,261,200,500
0.5143539905548096,262,200,500
0.5169918537139893,263,200,500
0.6043100357055664,264,200,500
0.5436420440673828,265,200,500
0.4944901466369629,266,200,500
0.5229349136352539,267,200,500
0.4896430969238281,268,200,500
0.48055100440979004,269,200,500
0.5045950412750244,270,200,500
0.4926578998565674,271,200,500
0.4946441650390625,272,200,500
0.5010538101196289,273,200,500
0.48692893981933594,274,200,500
0.5106539726257324,275,200,500
0.504439115524292,276,200,500
0.510545015335083,277,200,500
0.4871079921722412,278,200,500
0.5120439529418945,279,200,500
0.5045030117034912,280,200,500
0.48634791374206543,281,200,500
0.5139031410217285,282,200,500
0.5019168853759766,283,200,500
0.4864311218261719,284,200,500
0.49600791931152344,285,200,500
0.5094950199127197,286,200,500
0.49721717834472656,287,200,500
0.49062514305114746,288,200,500
0.49835205078125,289,200,500
0.4984169006347656,290,200,500
0.5145139694213867,291,200,500
0.5042660236358643,292,200,500
0.49347400665283203,293,200,500
0.49636411666870117,294,200,500
0.4934720993041992,295,200,500
0.4926280975341797,296,200,500
0.48687005043029785,297,200,500
0.5086848735809326,298,200,500
0.49460315704345703,299,200,500
0.9947600364685059,0,200,1000
0.9844398498535156,1,200,1000
0.9816141128540039,2,200,1000
0.9578700065612793,3,200,1000
0.9697489738464355,4,200,1000
0.9673709869384766,5,200,1000
0.9534158706665039,6,200,1000
0.9592330455780029,7,200,1000
0.9870519638061523,8,200,1000
0.9705848693847656,9,200,1000
0.9729859828948975,10,200,1000
1.0106279850006104,11,200,1000
0.9553301334381104,12,200,1000
0.9636449813842773,13,200,1000
0.9570200443267822,14,200,1000
0.9542458057403564,15,200,1000
0.9587798118591309,16,200,1000
0.9853599071502686,17,200,1000
0.9705429077148438,18,200,1000
0.9840669631958008,19,200,1000
0.9785928726196289,20,200,1000
0.9558429718017578,21,200,1000
0.9667789936065674,22,200,1000
0.9646921157836914,23,200,1000
0.9702889919281006,24,200,1000
0.9938240051269531,25,200,1000
0.9783368110656738,26,200,1000
0.9789509773254395,27,200,1000
0.9608561992645264,28,200,1000
0.9502010345458984,29,200,1000
0.9924190044403076,30,200,1000
0.939600944519043,31,200,1000
0.9655280113220215,32,200,1000
0.9750208854675293,33,200,1000
0.9496889114379883,34,200,1000
0.9731748104095459,35,200,1000
0.9402329921722412,36,200,1000
0.9846899509429932,37,200,1000
0.9487848281860352,38,200,1000
0.961076021194458,39,200,1000
0.9778308868408203,40,200,1000
0.9549870491027832,41,200,1000
0.9574861526489258,42,200,1000
0.9516830444335938,43,200,1000
0.9525790214538574,44,200,1000
0.9821150302886963,45,200,1000
0.9559099674224854,46,200,1000
0.9876680374145508,47,200,1000
0.9715619087219238,48,200,1000
0.9659430980682373,49,200,1000
0.9780271053314209,50,200,1000
0.9685699939727783,51,200,1000
0.9713048934936523,52,200,1000
0.999906063079834,53,200,1000
0.9514691829681396,54,200,1000
0.9667911529541016,55,200,1000
0.930063009262085,56,200,1000
0.9424679279327393,57,200,1000
0.9694759845733643,58,200,1000
0.9680600166320801,59,200,1000
0.9430229663848877,60,200,1000
0.9609348773956299,61,200,1000
0.9641940593719482,62,200,1000
0.950354814529419,63,200,1000
0.9621729850769043,64,200,1000
0.9507620334625244,65,200,1000
0.9610991477966309,66,200,1000
0.9740729331970215,67,200,1000
0.9572968482971191,68,200,1000
0.9752650260925293,69,200,1000
0.9656558036804199,70,200,1000
0.9481301307678223,71,200,1000
0.9556090831756592,72,200,1000
0.9707629680633545,73,200,1000
0.9528210163116455,74,200,1000
0.9896121025085449,75,200,1000
0.9504380226135254,76,200,1000
0.9638700485229492,77,200,1000
0.9519188404083252,78,200,1000
0.9564690589904785,79,200,1000
0.9794349670410156,80,200,1000
0.968163013458252,81,200,1000
0.9540178775787354,82,200,1000
0.9626739025115967,83,200,1000
0.9631929397583008,84,200,1000
0.9758920669555664,85,200,1000
0.9524722099304199,86,200,1000
0.9569549560546875,87,200,1000
0.9582099914550781,88,200,1000
0.9457249641418457,89,200,1000
0.9512019157409668,90,200,1000
0.9556388854980469,91,200,1000
0.9571080207824707,92,200,1000
0.9863889217376709,93,200,1000
0.9702818393707275,94,200,1000
0.9808881282806396,95,200,1000
0.9769980907440186,96,200,1000
0.947242021560669,97,200,1000
0.9487020969390869,98,200,1000
0.9729700088500977,99,200,1000
0.9733741283416748,100,200,1000
0.9318690299987793,101,200,1000
0.9727249145507812,102,200,1000
0.946234941482544,103,200,1000
0.9622421264648438,104,200,1000
0.9283449649810791,105,200,1000
0.980010986328125,106,200,1000
0.9571061134338379,107,200,1000
0.9704790115356445,108,200,1000
0.9443352222442627,109,200,1000
0.9647889137268066,110,200,1000
0.9638760089874268,111,200,1000
0.9563360214233398,112,200,1000
0.9341659545898438,113,200,1000
0.9951560497283936,114,200,1000
0.9514639377593994,115,200,1000
0.9740190505981445,116,200,1000
0.958745002746582,117,200,1000
1.0075058937072754,118,200,1000
0.989497184753418,119,200,1000
1.012692928314209,120,200,1000
1.0004551410675049,121,200,1000
1.0228219032287598,122,200,1000
1.08172607421875,123,200,1000
1.0280179977416992,124,200,1000
1.0011448860168457,125,200,1000
0.9675850868225098,126,200,1000
0.9903550148010254,127,200,1000
0.9599399566650391,128,200,1000
0.9343669414520264,129,200,1000
0.9602160453796387,130,200,1000
0.9675791263580322,131,200,1000
0.9657318592071533,132,200,1000
0.972294807434082,133,200,1000
0.941551923751831,134,200,1000
0.9904599189758301,135,200,1000
0.9889159202575684,136,200,1000
0.9604661464691162,137,200,1000
0.9782428741455078,138,200,1000
0.9660520553588867,139,200,1000
0.9686558246612549,140,200,1000
0.9690442085266113,141,200,1000
0.966609001159668,142,200,1000
0.9504120349884033,143,200,1000
0.9730730056762695,144,200,1000
0.9412178993225098,145,200,1000
0.9706549644470215,146,200,1000
0.9666600227355957,147,200,1000
0.9750921726226807,148,200,1000
0.9521970748901367,149,200,1000
0.9714870452880859,150,200,1000
0.9383361339569092,151,200,1000
0.9905970096588135,152,200,1000
0.9879062175750732,153,200,1000
0.9908168315887451,154,200,1000
1.0785679817199707,155,200,1000
1.016348123550415,156,200,1000
0.9795968532562256,157,200,1000
0.997150182723999,158,200,1000
0.9892520904541016,159,200,1000
0.9604001045227051,160,200,1000
0.9829800128936768,161,200,1000
1.0322089195251465,162,200,1000
0.9610090255737305,163,200,1000
0.9715068340301514,164,200,1000
0.969231128692627,165,200,1000
0.9758100509643555,166,200,1000
0.9604260921478271,167,200,1000
0.9486968517303467,168,200,1000
0.9665651321411133,169,200,1000
0.988429069519043,170,200,1000
0.977294921875,171,200,1000
0.9730629920959473,172,200,1000
0.9611220359802246,173,200,1000
0.9790270328521729,174,200,1000
0.9877910614013672,175,200,1000
0.9564969539642334,176,200,1000
0.951707124710083,177,200,1000
0.9448721408843994,178,200,1000
0.983504056930542,179,200,1000
0.9628548622131348,180,200,1000
0.9750428199768066,181,200,1000
0.9777698516845703,182,200,1000
0.9629340171813965,183,200,1000
0.98738694190979,184,200,1000
0.9630029201507568,185,200,1000
0.9795238971710205,186,200,1000
0.9880318641662598,187,200,1000
0.9719071388244629,188,200,1000
0.9566740989685059,189,200,1000
0.976996898651123,190,200,1000
0.9364678859710693,191,200,1000
0.9681320190429688,192,200,1000
0.9638118743896484,193,200,1000
0.9447581768035889,194,200,1000
0.9708530902862549,195,200,1000
0.9946558475494385,196,200,1000
0.9656338691711426,197,200,1000
0.9642670154571533,198,200,1000
0.9514031410217285,199,200,1000
0.9527759552001953,200,200,1000
0.947052001953125,201,200,1000
0.9891371726989746,202,200,1000
0.9711940288543701,203,200,1000
0.9645140171051025,204,200,1000
0.9721500873565674,205,200,1000
0.961345911026001,206,200,1000
0.955003023147583,207,200,1000
0.9549839496612549,208,200,1000
0.9502429962158203,209,200,1000
0.966465950012207,210,200,1000
0.9637298583984375,211,200,1000
0.9693138599395752,212,200,1000
0.97328782081604,213,200,1000
0.9432041645050049,214,200,1000
0.9526500701904297,215,200,1000
0.9541690349578857,216,200,1000
0.9784698486328125,217,200,1000
0.9717631340026855,218,200,1000
0.9493749141693115,219,200,1000
0.9604129791259766,220,200,1000
0.9806969165802002,221,200,1000
0.9781980514526367,222,200,1000
0.9508960247039795,223,200,1000
1.0022070407867432,224,200,1000
0.9656009674072266,225,200,1000
0.9682691097259521,226,200,1000
0.9897329807281494,227,200,1000
0.9761819839477539,228,200,1000
0.960913896560669,229,200,1000
0.9744930267333984,230,200,1000
0.9737579822540283,231,200,1000
0.979698896408081,232,200,1000
0.9659550189971924,233,200,1000
0.97210693359375,234,200,1000
0.9570281505584717,235,200,1000
0.9629850387573242,236,200,1000
0.9677128791809082,237,200,1000
0.9647889137268066,238,200,1000
0.944972038269043,239,200,1000
0.935927152633667,240,200,1000
0.962238073348999,241,200,1000
0.9424500465393066,242,200,1000
0.9639019966125488,243,200,1000
1.005722999572754,244,200,1000
0.9930169582366943,245,200,1000
0.9790530204772949,246,200,1000
0.9358110427856445,247,200,1000
0.9564099311828613,248,200,1000
0.9439258575439453,249,200,1000
0.9581401348114014,250,200,1000
0.9486789703369141,251,200,1000
1.003446102142334,252,200,1000
0.9410309791564941,253,200,1000
0.9472270011901855,254,200,1000
0.9697740077972412,255,200,1000
0.9641849994659424,256,200,1000
0.9549880027770996,257,200,1000
0.9917581081390381,258,200,1000
1.0195729732513428,259,200,1000
1.0698390007019043,260,200,1000
0.9911868572235107,261,200,1000
0.9732260704040527,262,200,1000
0.9563028812408447,263,200,1000
0.9727458953857422,264,200,1000
0.9406490325927734,265,200,1000
0.9491720199584961,266,200,1000
0.9952938556671143,267,200,1000
0.9617900848388672,268,200,1000
0.941910982131958,269,200,1000
0.9755649566650391,270,200,1000
0.953139066696167,271,200,1000
0.9732229709625244,272,200,1000
0.9631478786468506,273,200,1000
0.9631900787353516,274,200,1000
0.9933459758758545,275,200,1000
0.9638698101043701,276,200,1000
0.957517147064209,277,200,1000
0.9614348411560059,278,200,1000
0.9730641841888428,279,200,1000
0.9579629898071289,280,200,1000
0.9531691074371338,281,200,1000
0.9964869022369385,282,200,1000
0.9819800853729248,283,200,1000
0.9389469623565674,284,200,1000
0.9660789966583252,285,200,1000
0.9684767723083496,286,200,1000
0.956928014755249,287,200,1000
0.9532861709594727,288,200,1000
0.9609599113464355,289,200,1000
0.9699440002441406,290,200,1000
1.0012869834899902,291,200,1000
0.978538990020752,292,200,1000
0.9492108821868896,293,200,1000
0.9616360664367676,294,200,1000
0.9652469158172607,295,200,1000
0.9607579708099365,296,200,1000
0.9630579948425293,297,200,1000
0.9935698509216309,298,200,1000
0.970883846282959,299,200,1000
2.4529850482940674,0,400,500
2.455469846725464,1,400,500
2.444640874862671,2,400,500
2.393717050552368,3,400,500
2.4150190353393555,4,400,500
2.369602918624878,5,400,500
2.4735970497131348,6,400,500
2.4030539989471436,7,400,500
2.4544169902801514,8,400,500
2.471034049987793,9,400,500
2.3588790893554688,10,400,500
2.4138901233673096,11,400,500
2.4611170291900635,12,400,500
2.432797908782959,13,400,500
2.4373300075531006,14,400,500
2.4162700176239014,15,400,500
2.371263027191162,16,400,500
2.4426920413970947,17,400,500
2.4643208980560303,18,400,500
2.429823875427246,19,400,500
2.4236481189727783,20,400,500
2.397962808609009,21,400,500
2.422422170639038,22,400,500
2.4718568325042725,23,400,500
2.374936819076538,24,400,500
2.406140089035034,25,400,500
2.4108729362487793,26,400,500
2.460771083831787,27,400,500
2.458828926086426,28,400,500
2.3878791332244873,29,400,500
2.417546033859253,30,400,500
2.3854830265045166,31,400,500
2.4190590381622314,32,400,500
2.4316201210021973,33,400,500
2.4460060596466064,34,400,500
2.4062271118164062,35,400,500
2.379601001739502,36,400,500
2.368006944656372,37,400,500
2.4197120666503906,38,400,500
2.3637609481811523,39,400,500
2.4576029777526855,40,400,500
2.3961610794067383,41,400,500
2.4293859004974365,42,400,500
2.3726589679718018,43,400,500
2.419926881790161,44,400,500
2.348579168319702,45,400,500
2.3893699645996094,46,400,500
2.3814139366149902,47,400,500
2.422348976135254,48,400,500
2.443598985671997,49,400,500
2.349724054336548,50,400,500
2.4581689834594727,51,400,500
2.3648951053619385,52,400,500
2.3216710090637207,53,400,500
2.397592067718506,54,400,500
2.3710620403289795,55,400,500
2.404374837875366,56,400,500
2.4551379680633545,57,400,500
2.39325213432312,58,400,500
2.4446768760681152,59,400,500
2.4358019828796387,60,400,500
2.3764450550079346,61,400,500
2.4034781455993652,62,400,500
2.423931121826172,63,400,500
2.4325480461120605,64,400,500
2.368414878845215,65,400,500
2.416867971420288,66,400,500
2.394368886947632,67,400,500
2.4167640209198,68,400,500
2.348083972930908,69,400,500
2.483689069747925,70,400,500
2.4264321327209473,71,400,500
2.3808610439300537,72,400,500
2.439934015274048,73,400,500
2.365985155105591,74,400,500
2.402463912963867,75,400,500
2.353576898574829,76,400,500
2.384671211242676,77,400,500
2.3662970066070557,78,400,500
2.39432692527771,79,400,500
2.401431083679199,80,400,500
2.4552600383758545,81,400,500
2.348721981048584,82,400,500
2.396016836166382,83,400,500
2.4733681678771973,84,400,500
2.453123092651367,85,400,500
2.453765869140625,86,400,500
2.5477778911590576,87,400,500
2.45922589302063,88,400,500
2.452345132827759,89,400,500
2.473824977874756,90,400,500
2.409217119216919,91,400,500
2.4265241622924805,92,400,500
2.418125867843628,93,400,500
2.4240760803222656,94,400,500
2.3621089458465576,95,400,500
2.443556070327759,96,400,500
2.377143144607544,97,400,500
2.4142048358917236,98,400,500
2.3735389709472656,99,400,500
2.4085230827331543,100,400,500
2.3907530307769775,101,400,500
2.395745038986206,102,400,500
2.4538660049438477,103,400,500
2.3591558933258057,104,400,500
2.431035041809082,105,400,500
2.437973976135254,106,400,500
2.4139230251312256,107,400,500
2.43039608001709,108,400,500
2.4871630668640137,109,400,500
2.382683038711548,110,400,500
2.399312973022461,111,400,500
2.3470160961151123,112,400,500
2.379774808883667,113,400,500
2.403878927230835,114,400,500
2.435802936553955,115,400,500
2.445389986038208,116,400,500
2.427402973175049,117,400,500
2.4397218227386475,118,400,500
2.5004899501800537,119,400,500
2.5630788803100586,120,400,500
2.563875913619995,121,400,500
2.423935890197754,122,400,500
2.364025115966797,123,400,500
2.4455759525299072,124,400,500
2.4215710163116455,125,400,500
2.4839370250701904,126,400,500
2.386461019515991,127,400,500
2.4069910049438477,128,400,500
2.4563560485839844,129,400,500
2.4694809913635254,130,400,500
2.4034910202026367,131,400,500
2.4474329948425293,132,400,500
2.4153130054473877,133,400,500
2.3651280403137207,134,400,500
2.4771130084991455,135,400,500
2.3838868141174316,136,400,500
2.4036149978637695,137,400,500
2.4892470836639404,138,400,500
2.3675639629364014,139,400,500
2.4053468704223633,140,400,500
2.425421953201294,141,400,500
2.3876588344573975,142,400,500
2.5669028759002686,143,400,500
2.3916208744049072,144,400,500
2.355494976043701,145,400,500
2.4570319652557373,146,400,500
2.3916120529174805,147,400,500
2.384582042694092,148,400,500
2.388176202774048,149,400,500
2.408897876739502,150,400,500
2.36257004737854,151,400,500
2.4406988620758057,152,400,500
2.365326166152954,153,400,500
2.4251630306243896,154,400,500
2.3885529041290283,155,400,500
2.466958999633789,156,400,500
2.3860769271850586,157,400,500
2.368685007095337,158,400,500
2.3878378868103027,159,400,500
2.3993589878082275,160,400,500
2.4201560020446777,161,400,500
2.441673994064331,162,400,500
2.3880629539489746,163,400,500
2.4041879177093506,164,400,500
2.4230029582977295,165,400,500
2.4459710121154785,166,400,500
2.4530189037323,167,400,500
2.4034769535064697,168,400,500
2.390011787414551,169,400,500
2.4240739345550537,170,400,500
2.322421073913574,171,400,500
2.4047000408172607,172,400,500
2.418890953063965,173,400,500
2.399547815322876,174,400,500
2.369058847427368,175,400,500
2.4246201515197754,176,400,500
2.3611578941345215,177,400,500
2.407829999923706,178,400,500
2.4505529403686523,179,400,500
2.4270589351654053,180,400,500
2.3691461086273193,181,400,500
2.426539897918701,182,400,500
2.3997440338134766,183,400,500
2.4277870655059814,184,400,500
2.410080909729004,185,400,500
2.4375360012054443,186,400,500
2.4526820182800293,187,400,500
2.521191120147705,188,400,500
2.376549005508423,189,400,500
2.4354610443115234,190,400,500
2.469264030456543,191,400,500
2.3812270164489746,192,400,500
2.429456949234009,193,400,500
2.654944896697998,194,400,500
2.4590508937835693,195,400,500
2.447580099105835,196,400,500
2.524930000305176,197,400,500
2.3732430934906006,198,400,500
2.3542380332946777,199,400,500
2.4111850261688232,200,400,500
2.5356688499450684,201,400,500
2.5604419708251953,202,400,500
2.4737441539764404,203,400,500
2.4175288677215576,204,400,500
2.463628053665161,205,400,500
2.438955068588257,206,400,500
2.4543609619140625,207,400,500
2.4350180625915527,208,400,500
2.3669540882110596,209,400,500
2.3818070888519287,210,400,500
2.438084840774536,211,400,500
2.337908983230591,212,400,500
2.3834009170532227,213,400,500
2.422276020050049,214,400,500
2.396242141723633,215,400,500
2.4115960597991943,216,400,500
2.3887641429901123,217,400,500
2.3709471225738525,218,400,500
2.4009809494018555,219,400,500
2.4644358158111572,220,400,500
2.311551094055176,221,400,500
2.432642936706543,222,400,500
2.3903310298919678,223,400,500
2.422775983810425,224,400,500
2.449989080429077,225,400,500
2.3806989192962646,226,400,500
2.444277048110962,227,400,500
2.570063829421997,228,400,500
2.4247031211853027,229,400,500
2.4503228664398193,230,400,500
2.434441089630127,231,400,500
2.4381959438323975,232,400,500
2.460279941558838,233,400,500
2.3949851989746094,234,400,500
2.388310194015503,235,400,500
2.4234321117401123,236,400,500
2.458873987197876,237,400,500
2.3913590908050537,238,400,500
2.395226001739502,239,400,500
2.513978958129883,240,400,500
2.4354889392852783,241,400,500
2.4259610176086426,242,400,500
2.4251110553741455,243,400,500
2.4575071334838867,244,400,500
2.4120700359344482,245,400,500
2.3968210220336914,246,400,500
2.397533893585205,247,400,500
2.479130983352661,248,400,500
2.3995420932769775,249,400,500
2.3793230056762695,250,400,500
2.47440505027771,251,400,500
2.404024839401245,252,400,500
2.4353721141815186,253,400,500
2.4223461151123047,254,400,500
2.402045965194702,255,400,500
2.360092878341675,256,400,500
2.404392957687378,257,400,500
2.436946153640747,258,400,500
2.3943710327148438,259,400,500
2.4392249584198,260,400,500
2.4442129135131836,261,400,500
2.3785030841827393,262,400,500
2.4314699172973633,263,400,500
2.388192892074585,264,400,500
2.4311280250549316,265,400,500
2.429724931716919,266,400,500
2.425389051437378,267,400,500
2.407198190689087,268,400,500
2.4734771251678467,269,400,500
2.391023874282837,270,400,500
2.4230048656463623,271,400,500
2.4056899547576904,272,400,500
2.351269006729126,273,400,500
2.4003119468688965,274,400,500
2.458493947982788,275,400,500
2.442754030227661,276,400,500
2.5183379650115967,277,400,500
2.5493710041046143,278,400,500
2.520137071609497,279,400,500
2.42330002784729,280,400,500
2.6190340518951416,281,400,500
2.4907801151275635,282,400,500
2.4074079990386963,283,400,500
2.4203128814697266,284,400,500
2.4912989139556885,285,400,500
2.442656993865967,286,400,500
2.4069690704345703,287,400,500
2.3998000621795654,288,400,500
2.390866994857788,289,400,500
2.493818998336792,290,400,500
2.360421895980835,291,400,500
2.4362921714782715,292,400,500
2.385932207107544,293,400,500
2.386568069458008,294,400,500
2.4017910957336426,295,400,500
2.395510196685791,296,400,500
2.379322052001953,297,400,500
2.4314329624176025,298,400,500
2.428697109222412,299,400,500
4.683665990829468,0,400,1000
4.721567869186401,1,400,1000
4.785110950469971,2,400,1000
4.665060997009277,3,400,1000
4.767014026641846,4,400,1000
4.707276105880737,5,400,1000
4.736975193023682,6,400,1000
4.765829801559448,7,400,1000
4.7979700565338135,8,400,1000
4.842514991760254,9,400,1000
4.633264064788818,10,400,1000
4.710035800933838,11,400,1000
4.814146995544434,12,400,1000
4.730340003967285,13,400,1000
4.728130102157593,14,400,1000
4.727554082870483,15,400,1000
4.672544002532959,16,400,1000
4.734374046325684,17,400,1000
4.768126010894775,18,400,1000
4.701404094696045,19,400,1000
4.697220802307129,20,400,1000
4.618452072143555,21,400,1000
4.754960775375366,22,400,1000
4.793909788131714,23,400,1000
4.660235166549683,24,400,1000
4.665424108505249,25,400,1000
4.72961688041687,26,400,1000
4.739366054534912,27,400,1000
4.701940059661865,28,400,1000
4.6938560009002686,29,400,1000
4.772786855697632,30,400,1000
4.6651771068573,31,400,1000
4.7094199657440186,32,400,1000
4.73191499710083,33,400,1000
4.84433388710022,34,400,1000
4.812335014343262,35,400,1000
4.709414005279541,36,400,1000
4.7310450077056885,37,400,1000
5.081812858581543,38,400,1000
4.663673162460327,39,400,1000
4.914752006530762,40,400,1000
4.779186964035034,41,400,1000
4.734827995300293,42,400,1000
4.6597068309783936,43,400,1000
4.790419816970825,44,400,1000
4.612918853759766,45,400,1000
4.687944173812866,46,400,1000
4.598747968673706,47,400,1000
4.716254949569702,48,400,1000
4.677462816238403,49,400,1000
4.618283987045288,50,400,1000
4.766249179840088,51,400,1000
4.672006130218506,52,400,1000
4.63506007194519,53,400,1000
4.750123023986816,54,400,1000
4.666153907775879,55,400,1000
4.6729490756988525,56,400,1000
4.759629011154175,57,400,1000
4.642230987548828,58,400,1000
4.736286163330078,59,400,1000
4.771842956542969,60,400,1000
4.657455205917358,61,400,1000
4.654387950897217,62,400,1000
4.695769786834717,63,400,1000
4.664469003677368,64,400,1000
4.626832008361816,65,400,1000
4.621129989624023,66,400,1000
4.634466886520386,67,400,1000
4.688403129577637,68,400,1000
4.5664708614349365,69,400,1000
4.812621116638184,70,400,1000
4.664185047149658,71,400,1000
4.763355016708374,72,400,1000
4.990351915359497,73,400,1000
4.642495155334473,74,400,1000
4.701215028762817,75,400,1000
4.665541887283325,76,400,1000
4.652170896530151,77,400,1000
4.639498949050903,78,400,1000
4.688492059707642,79,400,1000
4.783389091491699,80,400,1000
4.770488023757935,81,400,1000
4.57281494140625,82,400,1000
4.6539270877838135,83,400,1000
4.751742124557495,84,400,1000
4.765005826950073,85,400,1000
4.786206960678101,86,400,1000
4.9205241203308105,87,400,1000
4.715138912200928,88,400,1000
4.785655975341797,89,400,1000
4.642970085144043,90,400,1000
4.671380043029785,91,400,1000
4.716825008392334,92,400,1000
4.657135009765625,93,400,1000
4.689435958862305,94,400,1000
4.645585060119629,95,400,1000
4.79313588142395,96,400,1000
4.674350023269653,97,400,1000
4.701672077178955,98,400,1000
4.686867952346802,99,400,1000
4.681405067443848,100,400,1000
4.702924013137817,101,400,1000
4.717531204223633,102,400,1000
4.7000298500061035,103,400,1000
4.572670936584473,104,400,1000
4.6765360832214355,105,400,1000
4.799829959869385,106,400,1000
4.6873180866241455,107,400,1000
4.800104856491089,108,400,1000
4.853864908218384,109,400,1000
4.659664154052734,110,400,1000
4.705958127975464,111,400,1000
4.675368070602417,112,400,1000
4.693171977996826,113,400,1000
4.617258071899414,114,400,1000
4.724586009979248,115,400,1000
4.7811501026153564,116,400,1000
4.645185947418213,117,400,1000
4.666285991668701,118,400,1000
4.737668037414551,119,400,1000
4.72934889793396,120,400,1000
4.709141969680786,121,400,1000
4.649229049682617,122,400,1000
4.618573904037476,123,400,1000
4.71460485458374,124,400,1000
4.646923065185547,125,400,1000
4.792694807052612,126,400,1000
4.669604063034058,127,400,1000
4.665738105773926,128,400,1000
4.755126953125,129,400,1000
4.788835048675537,130,400,1000
4.736070871353149,131,400,1000
4.683719873428345,132,400,1000
4.633173942565918,133,400,1000
4.667299032211304,134,400,1000
4.7274439334869385,135,400,1000
4.630185127258301,136,400,1000
4.623324871063232,137,400,1000
4.78838586807251,138,400,1000
4.67242693901062,139,400,1000
4.696490049362183,140,400,1000
4.733405113220215,141,400,1000
4.623334884643555,142,400,1000
4.838114023208618,143,400,1000
4.722949028015137,144,400,1000
4.585961103439331,145,400,1000
4.790552139282227,146,400,1000
4.661998987197876,147,400,1000
4.638833045959473,148,400,1000
4.662371873855591,149,400,1000
4.715794801712036,150,400,1000
4.69866681098938,151,400,1000
4.787616014480591,152,400,1000
4.680705785751343,153,400,1000
4.722981929779053,154,400,1000
4.68120002746582,155,400,1000
4.821593999862671,156,400,1000
4.66191291809082,157,400,1000
4.692142009735107,158,400,1000
4.656317234039307,159,400,1000
4.67705512046814,160,400,1000
4.684029817581177,161,400,1000
4.743896007537842,162,400,1000
4.709053993225098,163,400,1000
4.608429193496704,164,400,1000
4.739999055862427,165,400,1000
4.768446922302246,166,400,1000
4.655139923095703,167,400,1000
4.688055992126465,168,400,1000
4.684414863586426,169,400,1000
4.6611669063568115,170,400,1000
4.589950799942017,171,400,1000
4.687848091125488,172,400,1000
4.6868369579315186,173,400,1000
4.724913835525513,174,400,1000
4.644635915756226,175,400,1000
4.740247964859009,176,400,1000
4.650305986404419,177,400,1000
4.678385019302368,178,400,1000
4.756911993026733,179,400,1000
4.653290033340454,180,400,1000
4.694078207015991,181,400,1000
4.67413592338562,182,400,1000
4.660847187042236,183,400,1000
4.694077014923096,184,400,1000
4.678088903427124,185,400,1000
4.7309980392456055,186,400,1000
4.720854043960571,187,400,1000
4.770774841308594,188,400,1000
4.6560139656066895,189,400,1000
4.725566148757935,190,400,1000
4.598116874694824,191,400,1000
4.650393962860107,192,400,1000
4.679747104644775,193,400,1000
4.775960922241211,194,400,1000
4.73743200302124,195,400,1000
4.63857889175415,196,400,1000
4.7578630447387695,197,400,1000
4.723611831665039,198,400,1000
4.567312955856323,199,400,1000
4.673138856887817,200,400,1000
4.852292060852051,201,400,1000
4.690106153488159,202,400,1000
4.729787111282349,203,400,1000
4.647336006164551,204,400,1000
4.706268072128296,205,400,1000
4.655973196029663,206,400,1000
4.692522048950195,207,400,1000
4.768493890762329,208,400,1000
4.693866968154907,209,400,1000
4.718196153640747,210,400,1000
4.760525941848755,211,400,1000
4.553395986557007,212,400,1000
4.6758270263671875,213,400,1000
4.680574893951416,214,400,1000
4.680006980895996,215,400,1000
4.679839134216309,216,400,1000
4.688708066940308,217,400,1000
4.6456708908081055,218,400,1000
4.676422119140625,219,400,1000
4.7330780029296875,220,400,1000
4.589654922485352,221,400,1000
4.6823248863220215,222,400,1000
4.68697714805603,223,400,1000
4.785223960876465,224,400,1000
4.776043176651001,225,400,1000
4.6666460037231445,226,400,1000
4.771031856536865,227,400,1000
4.75052809715271,228,400,1000
4.691175937652588,229,400,1000
4.742355108261108,230,400,1000
4.736266851425171,231,400,1000
4.763519048690796,232,400,1000
4.76627516746521,233,400,1000
4.665873050689697,234,400,1000
4.662268161773682,235,400,1000
4.648505210876465,236,400,1000
4.756985902786255,237,400,1000
4.648651838302612,238,400,1000
4.669442892074585,239,400,1000
4.7883570194244385,240,400,1000
4.66560697555542,241,400,1000
4.697022914886475,242,400,1000
4.722660064697266,243,400,1000
4.707863807678223,244,400,1000
4.721612930297852,245,400,1000
4.645692825317383,246,400,1000
4.676685094833374,247,400,1000
4.72279691696167,248,400,1000
4.694756031036377,249,400,1000
4.608710050582886,250,400,1000
4.747206926345825,251,400,1000
4.673643112182617,252,400,1000
4.769147872924805,253,400,1000
4.707943916320801,254,400,1000
4.629651069641113,255,400,1000
4.654093027114868,256,400,1000
4.677983999252319,257,400,1000
4.710012197494507,258,400,1000
4.72175407409668,259,400,1000
4.778981924057007,260,400,1000
4.682750940322876,261,400,1000
4.6682350635528564,262,400,1000
4.653470993041992,263,400,1000
4.663190126419067,264,400,1000
4.7440009117126465,265,400,1000
4.650920152664185,266,400,1000
4.765758991241455,267,400,1000
4.944537162780762,268,400,1000
4.860263109207153,269,400,1000
4.733051061630249,270,400,1000
4.678398132324219,271,400,1000
4.722326040267944,272,400,1000
4.663833856582642,273,400,1000
4.740909099578857,274,400,1000
4.7804670333862305,275,400,1000
4.747709035873413,276,400,1000
4.779870986938477,277,400,1000
4.668565034866333,278,400,1000
4.668938159942627,279,400,1000
4.728037118911743,280,400,1000
4.772753000259399,281,400,1000
4.753874063491821,282,400,1000
4.686583995819092,283,400,1000
4.682321071624756,284,400,1000
4.666007041931152,285,400,1000
4.740831136703491,286,400,1000
4.6961119174957275,287,400,1000
4.707811117172241,288,400,1000
4.678553819656372,289,400,1000
4.706321954727173,290,400,1000
4.633014917373657,291,400,1000
4.683203935623169,292,400,1000
4.652976036071777,293,400,1000
4.709091901779175,294,400,1000
4.657093048095703,295,400,1000
4.716181039810181,296,400,1000
4.661603927612305,297,400,1000
4.735008001327515,298,400,1000
4.769026041030884,299,400,1000
